text,label
味道很好，分量足,1
服务热情，上菜快,1
环境干净，性价比高,1
菜品新鲜，口味不错,1
老板人很好,1
分量大，吃得很饱,1
口味正宗，还会再来,1
价格实惠，味道也好,1
服务周到，很满意,1
菜品丰富，选择多,1
菜太咸了，没法吃,0
上菜太慢，等了一小时,0
服务态度差，爱理不理,0
分量少，价格还贵,0
味道一般，不值这个价,0
环境嘈杂，坐得不舒服,0
菜品不新鲜，有异味,0
服务员态度冷淡,0
等位太久，体验很差,0
价格贵，味道还不好,0
剧情紧凑，很精彩,1
演员演技在线,1
画面精美，音乐好听,1
结局感动，值得一看,1
节奏好，不拖沓,1
导演功力强,1
角色塑造丰满,1
特效震撼，视觉享受,1
故事有深度,1
看完回味无穷,1
剧情拖沓，看不下去,0
演员演技尴尬,0
浪费时间和票钱,0
逻辑混乱，看不懂,0
结局烂尾，很失望,0
特效粗糙，很出戏,0
台词生硬，尴尬,0
节奏太慢，睡着了,0
故事老套，没新意,0
看完很后悔,0
质量很好，很满意,1
物流很快，包装仔细,1
和描述一致，很惊喜,1
性价比高，推荐购买,1
卖家服务好，回复快,1
实物比图片还好看,1
做工精细，没有瑕疵,1
尺码合适，穿着舒服,1
用了几天，效果很好,1
第二次买了，一如既往,1
实物和图片差距大,0
收到就坏了，质量差,0
物流太慢，等了半个月,0
客服不理人，态度差,0
做工粗糙，有瑕疵,0
尺码不对，退换麻烦,0
用了一次就坏了,0
包装简陋，东西被压坏,0
和描述完全不符,0
再也不买了,0
房间干净，位置方便,1
前台服务很好,1
早餐丰富，味道不错,1
床很舒服，睡得香,1
环境安静，适合休息,1
性价比高，会再来,1
房间大，设施齐全,1
服务员热情周到,1
交通便利，离地铁近,1
整体体验很好,1
隔音太差，一晚没睡好,0
房间有异味,0
空调坏了没人修,0
前台态度冷淡,0
床单不干净,0
热水时有时无,0
早餐难吃，种类少,0
位置偏僻，不好找,0
设施陈旧，很破,0
服务差，不会再住,0
界面简洁，很好用,1
功能齐全，更新及时,1
运行流畅，不卡顿,1
免费版就够用,1
操作简单，上手快,1
广告少，体验好,1
客服响应快,1
同步功能很实用,1
界面美观，设计好,1
存储空间大,1
广告太多，很烦,0
经常闪退,0
更新后反而更难用,0
界面复杂，不好上手,0
加载很慢,0
功能收费，太贵,0
经常卡死,0
客服不理人,0
占内存太大,0
可玩性不足,0